{
  "best_params": {
    "l2_regularization": 0.00010656401760606463,
    "learning_rate": 0.1601531217136121,
    "max_depth": 4,
    "max_iter": 591,
    "max_leaf_nodes": 49,
    "min_samples_leaf": 39
  },
  "best_cv_score_macro_f1": 0.9824687797078884
}